<component name="ProjectRunConfigurationManager">
  <configuration default="false" name="Run Simulator" type="GradleRunConfiguration" factoryName="Gradle" show_console_on_std_err="true" show_console_on_std_out="true">
    <ExternalSystemSettings>
      <option name="executionName" />
      <option name="externalProjectPath" value="$PROJECT_DIR$/TeamCode" />
      <option name="externalSystemIdString" value="GRADLE" />
      <option name="scriptParameters" value="--stacktrace" />
      <option name="taskDescriptions">
        <list />
      </option>
      <option name="taskNames">
        <list>
          <option value="runSim" />
        </list>
      </option>
      <option name="vmOptions" value="" />
    </ExternalSystemSettings>
    <ExternalSystemDebugServerProcess>true</ExternalSystemDebugServerProcess>
    <ExternalSystemReattachDebugProcess>true</ExternalSystemReattachDebugProcess>
    <DebugAllEnabled>false</DebugAllEnabled>
    <method v="2" />
  </configuration>
</component>